<?xml version='1.0' encoding='UTF-8'?>
<HPXML xmlns='http://hpxmlonline.com/2023/09' schemaVersion='4.0'>
  <XMLTransactionHeaderInformation>
    <XMLType>HPXML</XMLType>
    <XMLGeneratedBy>BuildResidentialHPXML</XMLGeneratedBy>
    <CreatedDateAndTime>2025-09-04T02:57:14-06:00</CreatedDateAndTime>
    <Transaction>create</Transaction>
  </XMLTransactionHeaderInformation>
  <SoftwareInfo>
    <SoftwareProgramUsed>ResStock</SoftwareProgramUsed>
    <SoftwareProgramVersion>3.4.0</SoftwareProgramVersion>
    <extension>
      <WholeSFAorMFBuildingSimulation>false</WholeSFAorMFBuildingSimulation>
      <SimulationControl>
        <Timestep>15</Timestep>
        <BeginMonth>1</BeginMonth>
        <BeginDayOfMonth>1</BeginDayOfMonth>
        <EndMonth>12</EndMonth>
        <EndDayOfMonth>31</EndDayOfMonth>
        <CalendarYear>2018</CalendarYear>
        <AdvancedResearchFeatures>
          <TemperatureCapacitanceMultiplier>7.0</TemperatureCapacitanceMultiplier>
        </AdvancedResearchFeatures>
      </SimulationControl>
      <ElectricPanelLoadCalculations>
        <ServiceFeeders>
          <Type>2023 Existing Dwelling Load-Based</Type>
        </ServiceFeeders>
      </ElectricPanelLoadCalculations>
      <EmissionsScenarios>
        <EmissionsScenario>
          <Name>AER_HighRECost_Avg</Name>
          <EmissionsType>CO2e</EmissionsType>
          <EmissionsFactor>
            <FuelType>electricity</FuelType>
            <Units>kg/MWh</Units>
            <ScheduleFilePath>/resources/data/emissions/cambium/2024/AER_HighRECost_Avg/Northern Grid West.csv</ScheduleFilePath>
            <NumberofHeaderRows>0</NumberofHeaderRows>
            <ColumnNumber>1</ColumnNumber>
          </EmissionsFactor>
          <EmissionsFactor>
            <FuelType>natural gas</FuelType>
            <Units>lb/MBtu</Units>
            <Value>147.3</Value>
          </EmissionsFactor>
        </EmissionsScenario>
        <EmissionsScenario>
          <Name>AER_HighRECostLowNGPrice_Avg</Name>
          <EmissionsType>CO2e</EmissionsType>
          <EmissionsFactor>
            <FuelType>electricity</FuelType>
            <Units>kg/MWh</Units>
            <ScheduleFilePath>/resources/data/emissions/cambium/2024/AER_HighRECostLowNGPrice_Avg/Northern Grid West.csv</ScheduleFilePath>
            <NumberofHeaderRows>0</NumberofHeaderRows>
            <ColumnNumber>1</ColumnNumber>
          </EmissionsFactor>
          <EmissionsFactor>
            <FuelType>natural gas</FuelType>
            <Units>lb/MBtu</Units>
            <Value>147.3</Value>
          </EmissionsFactor>
        </EmissionsScenario>
        <EmissionsScenario>
          <Name>AER_LowRECost_Avg</Name>
          <EmissionsType>CO2e</EmissionsType>
          <EmissionsFactor>
            <FuelType>electricity</FuelType>
            <Units>kg/MWh</Units>
            <ScheduleFilePath>/resources/data/emissions/cambium/2024/AER_LowRECost_Avg/Northern Grid West.csv</ScheduleFilePath>
            <NumberofHeaderRows>0</NumberofHeaderRows>
            <ColumnNumber>1</ColumnNumber>
          </EmissionsFactor>
          <EmissionsFactor>
            <FuelType>natural gas</FuelType>
            <Units>lb/MBtu</Units>
            <Value>147.3</Value>
          </EmissionsFactor>
        </EmissionsScenario>
        <EmissionsScenario>
          <Name>AER_LowRECostHighNGPrice_Avg</Name>
          <EmissionsType>CO2e</EmissionsType>
          <EmissionsFactor>
            <FuelType>electricity</FuelType>
            <Units>kg/MWh</Units>
            <ScheduleFilePath>/resources/data/emissions/cambium/2024/AER_LowRECostHighNGPrice_Avg/Northern Grid West.csv</ScheduleFilePath>
            <NumberofHeaderRows>0</NumberofHeaderRows>
            <ColumnNumber>1</ColumnNumber>
          </EmissionsFactor>
          <EmissionsFactor>
            <FuelType>natural gas</FuelType>
            <Units>lb/MBtu</Units>
            <Value>147.3</Value>
          </EmissionsFactor>
        </EmissionsScenario>
        <EmissionsScenario>
          <Name>AER_MidCase_Avg</Name>
          <EmissionsType>CO2e</EmissionsType>
          <EmissionsFactor>
            <FuelType>electricity</FuelType>
            <Units>kg/MWh</Units>
            <ScheduleFilePath>/resources/data/emissions/cambium/2024/AER_MidCase_Avg/Northern Grid West.csv</ScheduleFilePath>
            <NumberofHeaderRows>0</NumberofHeaderRows>
            <ColumnNumber>1</ColumnNumber>
          </EmissionsFactor>
          <EmissionsFactor>
            <FuelType>natural gas</FuelType>
            <Units>lb/MBtu</Units>
            <Value>147.3</Value>
          </EmissionsFactor>
        </EmissionsScenario>
        <EmissionsScenario>
          <Name>LRMER_HighRECost_15</Name>
          <EmissionsType>CO2e</EmissionsType>
          <EmissionsFactor>
            <FuelType>electricity</FuelType>
            <Units>kg/MWh</Units>
            <ScheduleFilePath>/resources/data/emissions/cambium/2024/LRMER_HighRECost_15/Northern Grid West.csv</ScheduleFilePath>
            <NumberofHeaderRows>0</NumberofHeaderRows>
            <ColumnNumber>1</ColumnNumber>
          </EmissionsFactor>
          <EmissionsFactor>
            <FuelType>natural gas</FuelType>
            <Units>lb/MBtu</Units>
            <Value>147.3</Value>
          </EmissionsFactor>
        </EmissionsScenario>
        <EmissionsScenario>
          <Name>LRMER_HighRECost_25</Name>
          <EmissionsType>CO2e</EmissionsType>
          <EmissionsFactor>
            <FuelType>electricity</FuelType>
            <Units>kg/MWh</Units>
            <ScheduleFilePath>/resources/data/emissions/cambium/2024/LRMER_HighRECost_25/Northern Grid West.csv</ScheduleFilePath>
            <NumberofHeaderRows>0</NumberofHeaderRows>
            <ColumnNumber>1</ColumnNumber>
          </EmissionsFactor>
          <EmissionsFactor>
            <FuelType>natural gas</FuelType>
            <Units>lb/MBtu</Units>
            <Value>147.3</Value>
          </EmissionsFactor>
        </EmissionsScenario>
        <EmissionsScenario>
          <Name>LRMER_HighRECostLowNGPrice_15</Name>
          <EmissionsType>CO2e</EmissionsType>
          <EmissionsFactor>
            <FuelType>electricity</FuelType>
            <Units>kg/MWh</Units>
            <ScheduleFilePath>/resources/data/emissions/cambium/2024/LRMER_HighRECostLowNGPrice_15/Northern Grid West.csv</ScheduleFilePath>
            <NumberofHeaderRows>0</NumberofHeaderRows>
            <ColumnNumber>1</ColumnNumber>
          </EmissionsFactor>
          <EmissionsFactor>
            <FuelType>natural gas</FuelType>
            <Units>lb/MBtu</Units>
            <Value>147.3</Value>
          </EmissionsFactor>
        </EmissionsScenario>
        <EmissionsScenario>
          <Name>LRMER_HighRECostLowNGPrice_25</Name>
          <EmissionsType>CO2e</EmissionsType>
          <EmissionsFactor>
            <FuelType>electricity</FuelType>
            <Units>kg/MWh</Units>
            <ScheduleFilePath>/resources/data/emissions/cambium/2024/LRMER_HighRECostLowNGPrice_25/Northern Grid West.csv</ScheduleFilePath>
            <NumberofHeaderRows>0</NumberofHeaderRows>
            <ColumnNumber>1</ColumnNumber>
          </EmissionsFactor>
          <EmissionsFactor>
            <FuelType>natural gas</FuelType>
            <Units>lb/MBtu</Units>
            <Value>147.3</Value>
          </EmissionsFactor>
        </EmissionsScenario>
        <EmissionsScenario>
          <Name>LRMER_LowRECost_15</Name>
          <EmissionsType>CO2e</EmissionsType>
          <EmissionsFactor>
            <FuelType>electricity</FuelType>
            <Units>kg/MWh</Units>
            <ScheduleFilePath>/resources/data/emissions/cambium/2024/LRMER_LowRECost_15/Northern Grid West.csv</ScheduleFilePath>
            <NumberofHeaderRows>0</NumberofHeaderRows>
            <ColumnNumber>1</ColumnNumber>
          </EmissionsFactor>
          <EmissionsFactor>
            <FuelType>natural gas</FuelType>
            <Units>lb/MBtu</Units>
            <Value>147.3</Value>
          </EmissionsFactor>
        </EmissionsScenario>
        <EmissionsScenario>
          <Name>LRMER_LowRECost_25</Name>
          <EmissionsType>CO2e</EmissionsType>
          <EmissionsFactor>
            <FuelType>electricity</FuelType>
            <Units>kg/MWh</Units>
            <ScheduleFilePath>/resources/data/emissions/cambium/2024/LRMER_LowRECost_25/Northern Grid West.csv</ScheduleFilePath>
            <NumberofHeaderRows>0</NumberofHeaderRows>
            <ColumnNumber>1</ColumnNumber>
          </EmissionsFactor>
          <EmissionsFactor>
            <FuelType>natural gas</FuelType>
            <Units>lb/MBtu</Units>
            <Value>147.3</Value>
          </EmissionsFactor>
        </EmissionsScenario>
        <EmissionsScenario>
          <Name>LRMER_LowRECostHighNGPrice_15</Name>
          <EmissionsType>CO2e</EmissionsType>
          <EmissionsFactor>
            <FuelType>electricity</FuelType>
            <Units>kg/MWh</Units>
            <ScheduleFilePath>/resources/data/emissions/cambium/2024/LRMER_LowRECostHighNGPrice_15/Northern Grid West.csv</ScheduleFilePath>
            <NumberofHeaderRows>0</NumberofHeaderRows>
            <ColumnNumber>1</ColumnNumber>
          </EmissionsFactor>
          <EmissionsFactor>
            <FuelType>natural gas</FuelType>
            <Units>lb/MBtu</Units>
            <Value>147.3</Value>
          </EmissionsFactor>
        </EmissionsScenario>
        <EmissionsScenario>
          <Name>LRMER_LowRECostHighNGPrice_25</Name>
          <EmissionsType>CO2e</EmissionsType>
          <EmissionsFactor>
            <FuelType>electricity</FuelType>
            <Units>kg/MWh</Units>
            <ScheduleFilePath>/resources/data/emissions/cambium/2024/LRMER_LowRECostHighNGPrice_25/Northern Grid West.csv</ScheduleFilePath>
            <NumberofHeaderRows>0</NumberofHeaderRows>
            <ColumnNumber>1</ColumnNumber>
          </EmissionsFactor>
          <EmissionsFactor>
            <FuelType>natural gas</FuelType>
            <Units>lb/MBtu</Units>
            <Value>147.3</Value>
          </EmissionsFactor>
        </EmissionsScenario>
        <EmissionsScenario>
          <Name>LRMER_MidCase_15</Name>
          <EmissionsType>CO2e</EmissionsType>
          <EmissionsFactor>
            <FuelType>electricity</FuelType>
            <Units>kg/MWh</Units>
            <ScheduleFilePath>/resources/data/emissions/cambium/2024/LRMER_MidCase_15/Northern Grid West.csv</ScheduleFilePath>
            <NumberofHeaderRows>0</NumberofHeaderRows>
            <ColumnNumber>1</ColumnNumber>
          </EmissionsFactor>
          <EmissionsFactor>
            <FuelType>natural gas</FuelType>
            <Units>lb/MBtu</Units>
            <Value>147.3</Value>
          </EmissionsFactor>
        </EmissionsScenario>
        <EmissionsScenario>
          <Name>LRMER_MidCase_25</Name>
          <EmissionsType>CO2e</EmissionsType>
          <EmissionsFactor>
            <FuelType>electricity</FuelType>
            <Units>kg/MWh</Units>
            <ScheduleFilePath>/resources/data/emissions/cambium/2024/LRMER_MidCase_25/Northern Grid West.csv</ScheduleFilePath>
            <NumberofHeaderRows>0</NumberofHeaderRows>
            <ColumnNumber>1</ColumnNumber>
          </EmissionsFactor>
          <EmissionsFactor>
            <FuelType>natural gas</FuelType>
            <Units>lb/MBtu</Units>
            <Value>147.3</Value>
          </EmissionsFactor>
        </EmissionsScenario>
      </EmissionsScenarios>
      <UtilityBillScenarios>
        <UtilityBillScenario>
          <Name>Utility Rates - Fixed + Variable</Name>
          <UtilityRate>
            <FuelType>electricity</FuelType>
            <FixedCharge>13.8</FixedCharge>
            <MarginalRate>0.112391066</MarginalRate>
          </UtilityRate>
          <UtilityRate>
            <FuelType>natural gas</FuelType>
            <FixedCharge>4.95</FixedCharge>
            <MarginalRate>1.420968081</MarginalRate>
          </UtilityRate>
          <UtilityRate>
            <FuelType>propane</FuelType>
            <FixedCharge>0.0</FixedCharge>
            <MarginalRate>2.632769231</MarginalRate>
          </UtilityRate>
          <UtilityRate>
            <FuelType>fuel oil</FuelType>
            <FixedCharge>0.0</FixedCharge>
            <MarginalRate>3.741846154</MarginalRate>
          </UtilityRate>
        </UtilityBillScenario>
      </UtilityBillScenarios>
    </extension>
  </SoftwareInfo>
  <Building>
    <BuildingID id='MyBuilding'/>
    <Site>
      <SiteID id='SiteID'/>
      <Address>
        <CityMunicipality>Portland Intl Arpt</CityMunicipality>
        <StateCode>OR</StateCode>
        <ZipCode>97206</ZipCode>
      </Address>
      <GeoLocation>
        <Latitude>45.59</Latitude>
        <Longitude>-122.6</Longitude>
      </GeoLocation>
      <Elevation>108.3</Elevation>
      <TimeZone>
        <UTCOffset>-8.0</UTCOffset>
        <DSTObserved>true</DSTObserved>
        <extension>
          <DSTBeginMonth>3</DSTBeginMonth>
          <DSTBeginDayOfMonth>11</DSTBeginDayOfMonth>
          <DSTEndMonth>11</DSTEndMonth>
          <DSTEndDayOfMonth>4</DSTEndDayOfMonth>
        </extension>
      </TimeZone>
    </Site>
    <ProjectStatus>
      <EventType>proposed workscope</EventType>
    </ProjectStatus>
    <BuildingDetails>
      <BuildingSummary>
        <Site>
          <SiteType>suburban</SiteType>
          <Surroundings>stand-alone</Surroundings>
          <VerticalSurroundings>no units above or below</VerticalSurroundings>
          <ShieldingofHome>normal</ShieldingofHome>
          <AzimuthOfFrontOfHome>0</AzimuthOfFrontOfHome>
          <Soil>
            <Conductivity>0.8</Conductivity>
            <extension>
              <Diffusivity>0.01664</Diffusivity>
            </extension>
          </Soil>
          <extension>
            <Neighbors>
              <NeighborBuilding>
                <Orientation>east</Orientation>
                <Azimuth>90</Azimuth>
                <Distance>15.0</Distance>
              </NeighborBuilding>
              <NeighborBuilding>
                <Orientation>west</Orientation>
                <Azimuth>270</Azimuth>
                <Distance>15.0</Distance>
              </NeighborBuilding>
            </Neighbors>
          </extension>
        </Site>
        <BuildingOccupancy>
          <NumberofResidents>4.0</NumberofResidents>
          <extension>
            <WeekdayScheduleFractions>0.035, 0.035, 0.035, 0.035, 0.035, 0.059, 0.082, 0.055, 0.027, 0.014, 0.014, 0.014, 0.014, 0.014, 0.019, 0.027, 0.041, 0.055, 0.068, 0.082, 0.082, 0.070, 0.053, 0.035</WeekdayScheduleFractions>
            <WeekendScheduleFractions>0.035, 0.035, 0.035, 0.035, 0.035, 0.059, 0.082, 0.055, 0.027, 0.014, 0.014, 0.014, 0.014, 0.014, 0.019, 0.027, 0.041, 0.055, 0.068, 0.082, 0.082, 0.070, 0.053, 0.035</WeekendScheduleFractions>
            <MonthlyScheduleMultipliers>1.0, 1.0, 1.0, 1.0, 1.0, 1.0, 1.0, 1.0, 1.0, 1.0, 1.0, 1.0</MonthlyScheduleMultipliers>
            <GeneralWaterUseUsageMultiplier>1.0</GeneralWaterUseUsageMultiplier>
            <GeneralWaterUseWeekdayScheduleFractions>0.023, 0.021, 0.021, 0.025, 0.027, 0.038, 0.044, 0.039, 0.037, 0.037, 0.034, 0.035, 0.035, 0.035, 0.039, 0.043, 0.051, 0.064, 0.065, 0.072, 0.073, 0.063, 0.045, 0.034</GeneralWaterUseWeekdayScheduleFractions>
            <GeneralWaterUseWeekendScheduleFractions>0.023, 0.021, 0.021, 0.025, 0.027, 0.038, 0.044, 0.039, 0.037, 0.037, 0.034, 0.035, 0.035, 0.035, 0.039, 0.043, 0.051, 0.064, 0.065, 0.072, 0.073, 0.063, 0.045, 0.034</GeneralWaterUseWeekendScheduleFractions>
            <GeneralWaterUseMonthlyScheduleMultipliers>1.0, 1.0, 1.0, 1.0, 1.0, 1.0, 1.0, 1.0, 1.0, 1.0, 1.0, 1.0</GeneralWaterUseMonthlyScheduleMultipliers>
          </extension>
        </BuildingOccupancy>
        <BuildingConstruction>
          <YearBuilt>1940</YearBuilt>
          <ResidentialFacilityType>single-family detached</ResidentialFacilityType>
          <UnitHeightAboveGrade>0.0</UnitHeightAboveGrade>
          <NumberofUnits>1</NumberofUnits>
          <NumberofConditionedFloors>2.0</NumberofConditionedFloors>
          <NumberofConditionedFloorsAboveGrade>2.0</NumberofConditionedFloorsAboveGrade>
          <AverageCeilingHeight>8.0</AverageCeilingHeight>
          <NumberofBedrooms>3</NumberofBedrooms>
          <NumberofBathrooms>2</NumberofBathrooms>
          <ConditionedFloorArea>3310.0</ConditionedFloorArea>
          <ConditionedBuildingVolume>26480.0</ConditionedBuildingVolume>
        </BuildingConstruction>
        <extension>
          <HVACSizingControl>
            <HeatPumpSizingMethodology>ACCA</HeatPumpSizingMethodology>
            <AllowIncreasedFixedCapacities>false</AllowIncreasedFixedCapacities>
            <ManualJInputs>
              <HeatingDesignTemperature>29.48</HeatingDesignTemperature>
              <CoolingDesignTemperature>87.44</CoolingDesignTemperature>
              <DailyTemperatureRange>medium</DailyTemperatureRange>
              <HeatingSetpoint>70.0</HeatingSetpoint>
              <CoolingSetpoint>75.0</CoolingSetpoint>
              <HumiditySetpoint>0.45</HumiditySetpoint>
              <HumidityDifference>4.8</HumidityDifference>
              <InternalLoadsSensible>3600.0</InternalLoadsSensible>
              <InternalLoadsLatent>0.0</InternalLoadsLatent>
              <NumberofOccupants>4.0</NumberofOccupants>
              <InfiltrationShieldingClass>4</InfiltrationShieldingClass>
              <InfiltrationMethod>blower door</InfiltrationMethod>
            </ManualJInputs>
          </HVACSizingControl>
          <NaturalVentilationAvailabilityDaysperWeek>3</NaturalVentilationAvailabilityDaysperWeek>
          <SchedulesFilePath>/var/simdata/openstudio/run/schedules.csv</SchedulesFilePath>
          <ShadingControl>
            <SummerBeginMonth>6</SummerBeginMonth>
            <SummerBeginDayOfMonth>1</SummerBeginDayOfMonth>
            <SummerEndMonth>9</SummerEndMonth>
            <SummerEndDayOfMonth>30</SummerEndDayOfMonth>
          </ShadingControl>
          <AdditionalProperties>
            <ceiling_insulation_r>30</ceiling_insulation_r>
          </AdditionalProperties>
        </extension>
      </BuildingSummary>
      <ClimateandRiskZones>
        <ClimateZoneIECC>
          <Year>2006</Year>
          <ClimateZone>4C</ClimateZone>
        </ClimateZoneIECC>
        <WeatherStation>
          <SystemIdentifier id='WeatherStation'/>
          <Name>G4100510</Name>
          <extension>
            <EPWFilePath>../../../weather/G4100510.epw</EPWFilePath>
          </extension>
        </WeatherStation>
      </ClimateandRiskZones>
      <Enclosure>
        <AirInfiltration>
          <AirInfiltrationMeasurement>
            <SystemIdentifier id='AirInfiltrationMeasurement1'/>
            <HousePressure>50.0</HousePressure>
            <BuildingAirLeakage>
              <UnitofMeasure>ACH</UnitofMeasure>
              <AirLeakage>20.0</AirLeakage>
            </BuildingAirLeakage>
            <InfiltrationVolume>26480.0</InfiltrationVolume>
            <InfiltrationHeight>16.0</InfiltrationHeight>
          </AirInfiltrationMeasurement>
          <extension>
            <HasFlueOrChimneyInConditionedSpace>true</HasFlueOrChimneyInConditionedSpace>
          </extension>
        </AirInfiltration>
        <Attics>
          <Attic>
            <SystemIdentifier id='Attic1'/>
            <AtticType>
              <Attic>
                <Vented>true</Vented>
              </Attic>
            </AtticType>
            <VentilationRate>
              <UnitofMeasure>SLA</UnitofMeasure>
              <Value>0.003333</Value>
            </VentilationRate>
            <AttachedToRoof idref='Roof1'/>
            <AttachedToRoof idref='Roof2'/>
            <AttachedToWall idref='Wall5'/>
            <AttachedToWall idref='Wall6'/>
            <AttachedToFloor idref='Floor2'/>
          </Attic>
        </Attics>
        <Foundations>
          <Foundation>
            <SystemIdentifier id='Foundation1'/>
            <FoundationType>
              <Crawlspace>
                <Vented>true</Vented>
              </Crawlspace>
            </FoundationType>
            <VentilationRate>
              <UnitofMeasure>SLA</UnitofMeasure>
              <Value>0.006667</Value>
            </VentilationRate>
            <AttachedToRimJoist idref='RimJoist1'/>
            <AttachedToRimJoist idref='RimJoist2'/>
            <AttachedToRimJoist idref='RimJoist3'/>
            <AttachedToRimJoist idref='RimJoist4'/>
            <AttachedToFoundationWall idref='FoundationWall1'/>
            <AttachedToFoundationWall idref='FoundationWall2'/>
            <AttachedToFoundationWall idref='FoundationWall3'/>
            <AttachedToFoundationWall idref='FoundationWall4'/>
            <AttachedToFloor idref='Floor1'/>
            <AttachedToSlab idref='Slab1'/>
          </Foundation>
        </Foundations>
        <Roofs>
          <Roof>
            <SystemIdentifier id='Roof1'/>
            <InteriorAdjacentTo>attic - vented</InteriorAdjacentTo>
            <Area>925.2</Area>
            <Orientation>south</Orientation>
            <Azimuth>180</Azimuth>
            <RoofType>asphalt or fiberglass shingles</RoofType>
            <RoofColor>medium</RoofColor>
            <SolarAbsorptance>0.85</SolarAbsorptance>
            <Emittance>0.9</Emittance>
            <InteriorFinish>
              <Type>none</Type>
            </InteriorFinish>
            <Pitch>6.0</Pitch>
            <RadiantBarrier>false</RadiantBarrier>
            <Insulation>
              <SystemIdentifier id='Roof1Insulation'/>
              <AssemblyEffectiveRValue>2.3</AssemblyEffectiveRValue>
            </Insulation>
          </Roof>
          <Roof>
            <SystemIdentifier id='Roof2'/>
            <InteriorAdjacentTo>attic - vented</InteriorAdjacentTo>
            <Area>925.2</Area>
            <Orientation>north</Orientation>
            <Azimuth>0</Azimuth>
            <RoofType>asphalt or fiberglass shingles</RoofType>
            <RoofColor>medium</RoofColor>
            <SolarAbsorptance>0.85</SolarAbsorptance>
            <Emittance>0.9</Emittance>
            <InteriorFinish>
              <Type>none</Type>
            </InteriorFinish>
            <Pitch>6.0</Pitch>
            <RadiantBarrier>false</RadiantBarrier>
            <Insulation>
              <SystemIdentifier id='Roof2Insulation'/>
              <AssemblyEffectiveRValue>2.3</AssemblyEffectiveRValue>
            </Insulation>
          </Roof>
        </Roofs>
        <RimJoists>
          <RimJoist>
            <SystemIdentifier id='RimJoist1'/>
            <ExteriorAdjacentTo>outside</ExteriorAdjacentTo>
            <InteriorAdjacentTo>crawlspace - vented</InteriorAdjacentTo>
            <Area>42.1</Area>
            <Orientation>south</Orientation>
            <Azimuth>180</Azimuth>
            <Siding>wood siding</Siding>
            <Color>medium dark</Color>
            <SolarAbsorptance>0.85</SolarAbsorptance>
            <Emittance>0.9</Emittance>
            <Insulation>
              <SystemIdentifier id='RimJoist1Insulation'/>
              <AssemblyEffectiveRValue>3.9</AssemblyEffectiveRValue>
            </Insulation>
          </RimJoist>
          <RimJoist>
            <SystemIdentifier id='RimJoist2'/>
            <ExteriorAdjacentTo>outside</ExteriorAdjacentTo>
            <InteriorAdjacentTo>crawlspace - vented</InteriorAdjacentTo>
            <Area>23.4</Area>
            <Orientation>west</Orientation>
            <Azimuth>270</Azimuth>
            <Siding>wood siding</Siding>
            <Color>medium dark</Color>
            <SolarAbsorptance>0.85</SolarAbsorptance>
            <Emittance>0.9</Emittance>
            <Insulation>
              <SystemIdentifier id='RimJoist2Insulation'/>
              <AssemblyEffectiveRValue>3.9</AssemblyEffectiveRValue>
            </Insulation>
          </RimJoist>
          <RimJoist>
            <SystemIdentifier id='RimJoist3'/>
            <ExteriorAdjacentTo>outside</ExteriorAdjacentTo>
            <InteriorAdjacentTo>crawlspace - vented</InteriorAdjacentTo>
            <Area>42.1</Area>
            <Orientation>north</Orientation>
            <Azimuth>0</Azimuth>
            <Siding>wood siding</Siding>
            <Color>medium dark</Color>
            <SolarAbsorptance>0.85</SolarAbsorptance>
            <Emittance>0.9</Emittance>
            <Insulation>
              <SystemIdentifier id='RimJoist3Insulation'/>
              <AssemblyEffectiveRValue>3.9</AssemblyEffectiveRValue>
            </Insulation>
          </RimJoist>
          <RimJoist>
            <SystemIdentifier id='RimJoist4'/>
            <ExteriorAdjacentTo>outside</ExteriorAdjacentTo>
            <InteriorAdjacentTo>crawlspace - vented</InteriorAdjacentTo>
            <Area>23.4</Area>
            <Orientation>east</Orientation>
            <Azimuth>90</Azimuth>
            <Siding>wood siding</Siding>
            <Color>medium dark</Color>
            <SolarAbsorptance>0.85</SolarAbsorptance>
            <Emittance>0.9</Emittance>
            <Insulation>
              <SystemIdentifier id='RimJoist4Insulation'/>
              <AssemblyEffectiveRValue>3.9</AssemblyEffectiveRValue>
            </Insulation>
          </RimJoist>
        </RimJoists>
        <Walls>
          <Wall>
            <SystemIdentifier id='Wall1'/>
            <ExteriorAdjacentTo>outside</ExteriorAdjacentTo>
            <InteriorAdjacentTo>conditioned space</InteriorAdjacentTo>
            <WallType>
              <WoodStud/>
            </WallType>
            <Area>873.3</Area>
            <Orientation>south</Orientation>
            <Azimuth>180</Azimuth>
            <Siding>wood siding</Siding>
            <Color>medium dark</Color>
            <SolarAbsorptance>0.85</SolarAbsorptance>
            <Emittance>0.9</Emittance>
            <InteriorFinish>
              <Type>gypsum board</Type>
              <Thickness>0.5</Thickness>
            </InteriorFinish>
            <Insulation>
              <SystemIdentifier id='Wall1Insulation'/>
              <AssemblyEffectiveRValue>4.8</AssemblyEffectiveRValue>
            </Insulation>
          </Wall>
          <Wall>
            <SystemIdentifier id='Wall2'/>
            <ExteriorAdjacentTo>outside</ExteriorAdjacentTo>
            <InteriorAdjacentTo>conditioned space</InteriorAdjacentTo>
            <WallType>
              <WoodStud/>
            </WallType>
            <Area>485.2</Area>
            <Orientation>west</Orientation>
            <Azimuth>270</Azimuth>
            <Siding>wood siding</Siding>
            <Color>medium dark</Color>
            <SolarAbsorptance>0.85</SolarAbsorptance>
            <Emittance>0.9</Emittance>
            <InteriorFinish>
              <Type>gypsum board</Type>
              <Thickness>0.5</Thickness>
            </InteriorFinish>
            <Insulation>
              <SystemIdentifier id='Wall2Insulation'/>
              <AssemblyEffectiveRValue>4.8</AssemblyEffectiveRValue>
            </Insulation>
          </Wall>
          <Wall>
            <SystemIdentifier id='Wall3'/>
            <ExteriorAdjacentTo>outside</ExteriorAdjacentTo>
            <InteriorAdjacentTo>conditioned space</InteriorAdjacentTo>
            <WallType>
              <WoodStud/>
            </WallType>
            <Area>873.3</Area>
            <Orientation>north</Orientation>
            <Azimuth>0</Azimuth>
            <Siding>wood siding</Siding>
            <Color>medium dark</Color>
            <SolarAbsorptance>0.85</SolarAbsorptance>
            <Emittance>0.9</Emittance>
            <InteriorFinish>
              <Type>gypsum board</Type>
              <Thickness>0.5</Thickness>
            </InteriorFinish>
            <Insulation>
              <SystemIdentifier id='Wall3Insulation'/>
              <AssemblyEffectiveRValue>4.8</AssemblyEffectiveRValue>
            </Insulation>
          </Wall>
          <Wall>
            <SystemIdentifier id='Wall4'/>
            <ExteriorAdjacentTo>outside</ExteriorAdjacentTo>
            <InteriorAdjacentTo>conditioned space</InteriorAdjacentTo>
            <WallType>
              <WoodStud/>
            </WallType>
            <Area>485.2</Area>
            <Orientation>east</Orientation>
            <Azimuth>90</Azimuth>
            <Siding>wood siding</Siding>
            <Color>medium dark</Color>
            <SolarAbsorptance>0.85</SolarAbsorptance>
            <Emittance>0.9</Emittance>
            <InteriorFinish>
              <Type>gypsum board</Type>
              <Thickness>0.5</Thickness>
            </InteriorFinish>
            <Insulation>
              <SystemIdentifier id='Wall4Insulation'/>
              <AssemblyEffectiveRValue>4.8</AssemblyEffectiveRValue>
            </Insulation>
          </Wall>
          <Wall>
            <SystemIdentifier id='Wall5'/>
            <ExteriorAdjacentTo>outside</ExteriorAdjacentTo>
            <InteriorAdjacentTo>attic - vented</InteriorAdjacentTo>
            <AtticWallType>gable</AtticWallType>
            <WallType>
              <WoodStud/>
            </WallType>
            <Area>114.9</Area>
            <Orientation>west</Orientation>
            <Azimuth>270</Azimuth>
            <Siding>wood siding</Siding>
            <Color>medium dark</Color>
            <SolarAbsorptance>0.85</SolarAbsorptance>
            <Emittance>0.9</Emittance>
            <InteriorFinish>
              <Type>none</Type>
            </InteriorFinish>
            <RadiantBarrier>false</RadiantBarrier>
            <Insulation>
              <SystemIdentifier id='Wall5Insulation'/>
              <AssemblyEffectiveRValue>4.0</AssemblyEffectiveRValue>
            </Insulation>
          </Wall>
          <Wall>
            <SystemIdentifier id='Wall6'/>
            <ExteriorAdjacentTo>outside</ExteriorAdjacentTo>
            <InteriorAdjacentTo>attic - vented</InteriorAdjacentTo>
            <AtticWallType>gable</AtticWallType>
            <WallType>
              <WoodStud/>
            </WallType>
            <Area>114.9</Area>
            <Orientation>east</Orientation>
            <Azimuth>90</Azimuth>
            <Siding>wood siding</Siding>
            <Color>medium dark</Color>
            <SolarAbsorptance>0.85</SolarAbsorptance>
            <Emittance>0.9</Emittance>
            <InteriorFinish>
              <Type>none</Type>
            </InteriorFinish>
            <RadiantBarrier>false</RadiantBarrier>
            <Insulation>
              <SystemIdentifier id='Wall6Insulation'/>
              <AssemblyEffectiveRValue>4.0</AssemblyEffectiveRValue>
            </Insulation>
          </Wall>
        </Walls>
        <FoundationWalls>
          <FoundationWall>
            <SystemIdentifier id='FoundationWall1'/>
            <ExteriorAdjacentTo>ground</ExteriorAdjacentTo>
            <InteriorAdjacentTo>crawlspace - vented</InteriorAdjacentTo>
            <Type>solid concrete</Type>
            <Height>4.0</Height>
            <Area>218.3</Area>
            <Orientation>south</Orientation>
            <Azimuth>180</Azimuth>
            <Thickness>8.0</Thickness>
            <DepthBelowGrade>3.0</DepthBelowGrade>
            <InteriorFinish>
              <Type>none</Type>
            </InteriorFinish>
            <Insulation>
              <SystemIdentifier id='FoundationWall1Insulation'/>
              <Layer>
                <InstallationType>continuous - exterior</InstallationType>
                <NominalRValue>0.0</NominalRValue>
                <DistanceToTopOfInsulation>0.0</DistanceToTopOfInsulation>
                <DistanceToBottomOfInsulation>4.0</DistanceToBottomOfInsulation>
              </Layer>
              <Layer>
                <InstallationType>continuous - interior</InstallationType>
                <NominalRValue>0.0</NominalRValue>
                <DistanceToTopOfInsulation>0.0</DistanceToTopOfInsulation>
                <DistanceToBottomOfInsulation>4.0</DistanceToBottomOfInsulation>
              </Layer>
            </Insulation>
          </FoundationWall>
          <FoundationWall>
            <SystemIdentifier id='FoundationWall2'/>
            <ExteriorAdjacentTo>ground</ExteriorAdjacentTo>
            <InteriorAdjacentTo>crawlspace - vented</InteriorAdjacentTo>
            <Type>solid concrete</Type>
            <Height>4.0</Height>
            <Area>121.3</Area>
            <Orientation>west</Orientation>
            <Azimuth>270</Azimuth>
            <Thickness>8.0</Thickness>
            <DepthBelowGrade>3.0</DepthBelowGrade>
            <InteriorFinish>
              <Type>none</Type>
            </InteriorFinish>
            <Insulation>
              <SystemIdentifier id='FoundationWall2Insulation'/>
              <Layer>
                <InstallationType>continuous - exterior</InstallationType>
                <NominalRValue>0.0</NominalRValue>
                <DistanceToTopOfInsulation>0.0</DistanceToTopOfInsulation>
                <DistanceToBottomOfInsulation>4.0</DistanceToBottomOfInsulation>
              </Layer>
              <Layer>
                <InstallationType>continuous - interior</InstallationType>
                <NominalRValue>0.0</NominalRValue>
                <DistanceToTopOfInsulation>0.0</DistanceToTopOfInsulation>
                <DistanceToBottomOfInsulation>4.0</DistanceToBottomOfInsulation>
              </Layer>
            </Insulation>
          </FoundationWall>
          <FoundationWall>
            <SystemIdentifier id='FoundationWall3'/>
            <ExteriorAdjacentTo>ground</ExteriorAdjacentTo>
            <InteriorAdjacentTo>crawlspace - vented</InteriorAdjacentTo>
            <Type>solid concrete</Type>
            <Height>4.0</Height>
            <Area>218.3</Area>
            <Orientation>north</Orientation>
            <Azimuth>0</Azimuth>
            <Thickness>8.0</Thickness>
            <DepthBelowGrade>3.0</DepthBelowGrade>
            <InteriorFinish>
              <Type>none</Type>
            </InteriorFinish>
            <Insulation>
              <SystemIdentifier id='FoundationWall3Insulation'/>
              <Layer>
                <InstallationType>continuous - exterior</InstallationType>
                <NominalRValue>0.0</NominalRValue>
                <DistanceToTopOfInsulation>0.0</DistanceToTopOfInsulation>
                <DistanceToBottomOfInsulation>4.0</DistanceToBottomOfInsulation>
              </Layer>
              <Layer>
                <InstallationType>continuous - interior</InstallationType>
                <NominalRValue>0.0</NominalRValue>
                <DistanceToTopOfInsulation>0.0</DistanceToTopOfInsulation>
                <DistanceToBottomOfInsulation>4.0</DistanceToBottomOfInsulation>
              </Layer>
            </Insulation>
          </FoundationWall>
          <FoundationWall>
            <SystemIdentifier id='FoundationWall4'/>
            <ExteriorAdjacentTo>ground</ExteriorAdjacentTo>
            <InteriorAdjacentTo>crawlspace - vented</InteriorAdjacentTo>
            <Type>solid concrete</Type>
            <Height>4.0</Height>
            <Area>121.3</Area>
            <Orientation>east</Orientation>
            <Azimuth>90</Azimuth>
            <Thickness>8.0</Thickness>
            <DepthBelowGrade>3.0</DepthBelowGrade>
            <InteriorFinish>
              <Type>none</Type>
            </InteriorFinish>
            <Insulation>
              <SystemIdentifier id='FoundationWall4Insulation'/>
              <Layer>
                <InstallationType>continuous - exterior</InstallationType>
                <NominalRValue>0.0</NominalRValue>
                <DistanceToTopOfInsulation>0.0</DistanceToTopOfInsulation>
                <DistanceToBottomOfInsulation>4.0</DistanceToBottomOfInsulation>
              </Layer>
              <Layer>
                <InstallationType>continuous - interior</InstallationType>
                <NominalRValue>0.0</NominalRValue>
                <DistanceToTopOfInsulation>0.0</DistanceToTopOfInsulation>
                <DistanceToBottomOfInsulation>4.0</DistanceToBottomOfInsulation>
              </Layer>
            </Insulation>
          </FoundationWall>
        </FoundationWalls>
        <Floors>
          <Floor>
            <SystemIdentifier id='Floor1'/>
            <ExteriorAdjacentTo>crawlspace - vented</ExteriorAdjacentTo>
            <InteriorAdjacentTo>conditioned space</InteriorAdjacentTo>
            <FloorOrCeiling>floor</FloorOrCeiling>
            <FloorType>
              <WoodFrame/>
            </FloorType>
            <Area>1655.0</Area>
            <InteriorFinish>
              <Type>none</Type>
            </InteriorFinish>
            <Insulation>
              <SystemIdentifier id='Floor1Insulation'/>
              <AssemblyEffectiveRValue>5.3</AssemblyEffectiveRValue>
            </Insulation>
          </Floor>
          <Floor>
            <SystemIdentifier id='Floor2'/>
            <ExteriorAdjacentTo>attic - vented</ExteriorAdjacentTo>
            <InteriorAdjacentTo>conditioned space</InteriorAdjacentTo>
            <FloorOrCeiling>ceiling</FloorOrCeiling>
            <FloorType>
              <WoodFrame/>
            </FloorType>
            <Area>1655.0</Area>
            <InteriorFinish>
              <Type>gypsum board</Type>
              <Thickness>0.5</Thickness>
            </InteriorFinish>
            <RadiantBarrier>false</RadiantBarrier>
            <Insulation>
              <SystemIdentifier id='Floor2Insulation'/>
              <AssemblyEffectiveRValue>31.6</AssemblyEffectiveRValue>
            </Insulation>
          </Floor>
        </Floors>
        <Slabs>
          <Slab>
            <SystemIdentifier id='Slab1'/>
            <InteriorAdjacentTo>crawlspace - vented</InteriorAdjacentTo>
            <Area>1655.0</Area>
            <Thickness>0.0</Thickness>
            <ExposedPerimeter>169.8</ExposedPerimeter>
            <PerimeterInsulation>
              <SystemIdentifier id='Slab1PerimeterInsulation'/>
              <Layer>
                <NominalRValue>0.0</NominalRValue>
                <InsulationDepth>0.0</InsulationDepth>
              </Layer>
            </PerimeterInsulation>
            <ExteriorHorizontalInsulation>
              <SystemIdentifier id='Slab1ExteriorHorizontalInsulation'/>
              <Layer>
                <NominalRValue>0.0</NominalRValue>
                <InsulationWidth>0.0</InsulationWidth>
                <InsulationDepthBelowGrade>0.0</InsulationDepthBelowGrade>
              </Layer>
            </ExteriorHorizontalInsulation>
            <UnderSlabInsulation>
              <SystemIdentifier id='Slab1UnderSlabInsulation'/>
              <Layer>
                <NominalRValue>0.0</NominalRValue>
                <InsulationWidth>0.0</InsulationWidth>
              </Layer>
            </UnderSlabInsulation>
            <extension>
              <GapInsulationRValue>0.0</GapInsulationRValue>
              <CarpetFraction>0.0</CarpetFraction>
              <CarpetRValue>0.0</CarpetRValue>
            </extension>
          </Slab>
        </Slabs>
        <Windows>
          <Window>
            <SystemIdentifier id='Window1'/>
            <Area>39.3</Area>
            <Azimuth>180</Azimuth>
            <Orientation>south</Orientation>
            <UFactor>0.38</UFactor>
            <SHGC>0.44</SHGC>
            <ExteriorShading>
              <SystemIdentifier id='Window1ExteriorShading'/>
              <Type>none</Type>
              <SummerShadingCoefficient>1.0</SummerShadingCoefficient>
              <WinterShadingCoefficient>1.0</WinterShadingCoefficient>
            </ExteriorShading>
            <InteriorShading>
              <SystemIdentifier id='Window1InteriorShading'/>
              <SummerShadingCoefficient>0.7</SummerShadingCoefficient>
              <WinterShadingCoefficient>0.85</WinterShadingCoefficient>
            </InteriorShading>
            <Overhangs>
              <Depth>2.0</Depth>
              <DistanceToTopOfWindow>9.0</DistanceToTopOfWindow>
              <DistanceToBottomOfWindow>12.6</DistanceToBottomOfWindow>
            </Overhangs>
            <FractionOperable>0.67</FractionOperable>
            <AttachedToWall idref='Wall1'/>
          </Window>
          <Window>
            <SystemIdentifier id='Window2'/>
            <Area>39.3</Area>
            <Azimuth>180</Azimuth>
            <Orientation>south</Orientation>
            <UFactor>0.38</UFactor>
            <SHGC>0.44</SHGC>
            <ExteriorShading>
              <SystemIdentifier id='Window2ExteriorShading'/>
              <Type>none</Type>
              <SummerShadingCoefficient>1.0</SummerShadingCoefficient>
              <WinterShadingCoefficient>1.0</WinterShadingCoefficient>
            </ExteriorShading>
            <InteriorShading>
              <SystemIdentifier id='Window2InteriorShading'/>
              <SummerShadingCoefficient>0.7</SummerShadingCoefficient>
              <WinterShadingCoefficient>0.85</WinterShadingCoefficient>
            </InteriorShading>
            <Overhangs>
              <Depth>2.0</Depth>
              <DistanceToTopOfWindow>0.9999999999999982</DistanceToTopOfWindow>
              <DistanceToBottomOfWindow>4.6</DistanceToBottomOfWindow>
            </Overhangs>
            <FractionOperable>0.67</FractionOperable>
            <AttachedToWall idref='Wall1'/>
          </Window>
          <Window>
            <SystemIdentifier id='Window3'/>
            <Area>21.8</Area>
            <Azimuth>270</Azimuth>
            <Orientation>west</Orientation>
            <UFactor>0.38</UFactor>
            <SHGC>0.44</SHGC>
            <ExteriorShading>
              <SystemIdentifier id='Window3ExteriorShading'/>
              <Type>none</Type>
              <SummerShadingCoefficient>1.0</SummerShadingCoefficient>
              <WinterShadingCoefficient>1.0</WinterShadingCoefficient>
            </ExteriorShading>
            <InteriorShading>
              <SystemIdentifier id='Window3InteriorShading'/>
              <SummerShadingCoefficient>0.7</SummerShadingCoefficient>
              <WinterShadingCoefficient>0.85</WinterShadingCoefficient>
            </InteriorShading>
            <Overhangs>
              <Depth>2.0</Depth>
              <DistanceToTopOfWindow>9.0</DistanceToTopOfWindow>
              <DistanceToBottomOfWindow>12.8</DistanceToBottomOfWindow>
            </Overhangs>
            <FractionOperable>0.67</FractionOperable>
            <AttachedToWall idref='Wall2'/>
          </Window>
          <Window>
            <SystemIdentifier id='Window4'/>
            <Area>21.8</Area>
            <Azimuth>270</Azimuth>
            <Orientation>west</Orientation>
            <UFactor>0.38</UFactor>
            <SHGC>0.44</SHGC>
            <ExteriorShading>
              <SystemIdentifier id='Window4ExteriorShading'/>
              <Type>none</Type>
              <SummerShadingCoefficient>1.0</SummerShadingCoefficient>
              <WinterShadingCoefficient>1.0</WinterShadingCoefficient>
            </ExteriorShading>
            <InteriorShading>
              <SystemIdentifier id='Window4InteriorShading'/>
              <SummerShadingCoefficient>0.7</SummerShadingCoefficient>
              <WinterShadingCoefficient>0.85</WinterShadingCoefficient>
            </InteriorShading>
            <Overhangs>
              <Depth>2.0</Depth>
              <DistanceToTopOfWindow>0.9999999999999982</DistanceToTopOfWindow>
              <DistanceToBottomOfWindow>4.8</DistanceToBottomOfWindow>
            </Overhangs>
            <FractionOperable>0.67</FractionOperable>
            <AttachedToWall idref='Wall2'/>
          </Window>
          <Window>
            <SystemIdentifier id='Window5'/>
            <Area>38.0</Area>
            <Azimuth>0</Azimuth>
            <Orientation>north</Orientation>
            <UFactor>0.38</UFactor>
            <SHGC>0.44</SHGC>
            <ExteriorShading>
              <SystemIdentifier id='Window5ExteriorShading'/>
              <Type>none</Type>
              <SummerShadingCoefficient>1.0</SummerShadingCoefficient>
              <WinterShadingCoefficient>1.0</WinterShadingCoefficient>
            </ExteriorShading>
            <InteriorShading>
              <SystemIdentifier id='Window5InteriorShading'/>
              <SummerShadingCoefficient>0.7</SummerShadingCoefficient>
              <WinterShadingCoefficient>0.85</WinterShadingCoefficient>
            </InteriorShading>
            <Overhangs>
              <Depth>2.0</Depth>
              <DistanceToTopOfWindow>9.0</DistanceToTopOfWindow>
              <DistanceToBottomOfWindow>12.6</DistanceToBottomOfWindow>
            </Overhangs>
            <FractionOperable>0.67</FractionOperable>
            <AttachedToWall idref='Wall3'/>
          </Window>
          <Window>
            <SystemIdentifier id='Window6'/>
            <Area>40.6</Area>
            <Azimuth>0</Azimuth>
            <Orientation>north</Orientation>
            <UFactor>0.38</UFactor>
            <SHGC>0.44</SHGC>
            <ExteriorShading>
              <SystemIdentifier id='Window6ExteriorShading'/>
              <Type>none</Type>
              <SummerShadingCoefficient>1.0</SummerShadingCoefficient>
              <WinterShadingCoefficient>1.0</WinterShadingCoefficient>
            </ExteriorShading>
            <InteriorShading>
              <SystemIdentifier id='Window6InteriorShading'/>
              <SummerShadingCoefficient>0.7</SummerShadingCoefficient>
              <WinterShadingCoefficient>0.85</WinterShadingCoefficient>
            </InteriorShading>
            <Overhangs>
              <Depth>2.0</Depth>
              <DistanceToTopOfWindow>0.9999999999999982</DistanceToTopOfWindow>
              <DistanceToBottomOfWindow>4.7</DistanceToBottomOfWindow>
            </Overhangs>
            <FractionOperable>0.67</FractionOperable>
            <AttachedToWall idref='Wall3'/>
          </Window>
          <Window>
            <SystemIdentifier id='Window7'/>
            <Area>21.8</Area>
            <Azimuth>90</Azimuth>
            <Orientation>east</Orientation>
            <UFactor>0.38</UFactor>
            <SHGC>0.44</SHGC>
            <ExteriorShading>
              <SystemIdentifier id='Window7ExteriorShading'/>
              <Type>none</Type>
              <SummerShadingCoefficient>1.0</SummerShadingCoefficient>
              <WinterShadingCoefficient>1.0</WinterShadingCoefficient>
            </ExteriorShading>
            <InteriorShading>
              <SystemIdentifier id='Window7InteriorShading'/>
              <SummerShadingCoefficient>0.7</SummerShadingCoefficient>
              <WinterShadingCoefficient>0.85</WinterShadingCoefficient>
            </InteriorShading>
            <Overhangs>
              <Depth>2.0</Depth>
              <DistanceToTopOfWindow>9.0</DistanceToTopOfWindow>
              <DistanceToBottomOfWindow>12.8</DistanceToBottomOfWindow>
            </Overhangs>
            <FractionOperable>0.67</FractionOperable>
            <AttachedToWall idref='Wall4'/>
          </Window>
          <Window>
            <SystemIdentifier id='Window8'/>
            <Area>21.8</Area>
            <Azimuth>90</Azimuth>
            <Orientation>east</Orientation>
            <UFactor>0.38</UFactor>
            <SHGC>0.44</SHGC>
            <ExteriorShading>
              <SystemIdentifier id='Window8ExteriorShading'/>
              <Type>none</Type>
              <SummerShadingCoefficient>1.0</SummerShadingCoefficient>
              <WinterShadingCoefficient>1.0</WinterShadingCoefficient>
            </ExteriorShading>
            <InteriorShading>
              <SystemIdentifier id='Window8InteriorShading'/>
              <SummerShadingCoefficient>0.7</SummerShadingCoefficient>
              <WinterShadingCoefficient>0.85</WinterShadingCoefficient>
            </InteriorShading>
            <Overhangs>
              <Depth>2.0</Depth>
              <DistanceToTopOfWindow>0.9999999999999982</DistanceToTopOfWindow>
              <DistanceToBottomOfWindow>4.8</DistanceToBottomOfWindow>
            </Overhangs>
            <FractionOperable>0.67</FractionOperable>
            <AttachedToWall idref='Wall4'/>
          </Window>
        </Windows>
        <Doors>
          <Door>
            <SystemIdentifier id='Door1'/>
            <AttachedToWall idref='Wall3'/>
            <Area>20.0</Area>
            <Azimuth>0</Azimuth>
            <Orientation>north</Orientation>
            <RValue>5.0</RValue>
          </Door>
        </Doors>
        <extension>
          <PartitionWallMass>
            <AreaFraction>1.0</AreaFraction>
            <InteriorFinish>
              <Type>gypsum board</Type>
              <Thickness>0.5</Thickness>
            </InteriorFinish>
          </PartitionWallMass>
          <FurnitureMass>
            <AreaFraction>0.4</AreaFraction>
            <Type>light-weight</Type>
          </FurnitureMass>
        </extension>
      </Enclosure>
      <Systems>
        <HVAC>
          <HVACPlant>
            <PrimarySystems>
              <PrimaryHeatingSystem idref='HeatingSystem1'/>
              <PrimaryCoolingSystem idref='CoolingSystem1'/>
            </PrimarySystems>
            <HeatingSystem>
              <SystemIdentifier id='HeatingSystem1'/>
              <UnitLocation>crawlspace - vented</UnitLocation>
              <DistributionSystem idref='HVACDistribution1'/>
              <HeatingSystemType>
                <Furnace>
                  <PilotLight>false</PilotLight>
                </Furnace>
              </HeatingSystemType>
              <HeatingSystemFuel>natural gas</HeatingSystemFuel>
              <HeatingCapacity>115276.0</HeatingCapacity>
              <AnnualHeatingEfficiency>
                <Units>AFUE</Units>
                <Value>0.925</Value>
              </AnnualHeatingEfficiency>
              <FractionHeatLoadServed>1.0</FractionHeatLoadServed>
              <extension>
                <FanPowerWattsPerCFM>0.375</FanPowerWattsPerCFM>
                <AirflowDefectRatio>0.0</AirflowDefectRatio>
                <HeatingAirflowCFM>2103.0</HeatingAirflowCFM>
                <HeatingAutosizingFactor>1.0</HeatingAutosizingFactor>
              </extension>
            </HeatingSystem>
            <CoolingSystem>
              <SystemIdentifier id='CoolingSystem1'/>
              <UnitLocation>conditioned space</UnitLocation>
              <CoolingSystemType>room air conditioner</CoolingSystemType>
              <CoolingSystemFuel>electricity</CoolingSystemFuel>
              <CoolingCapacity>7435.0</CoolingCapacity>
              <CompressorType>single stage</CompressorType>
              <FractionCoolLoadServed>0.2</FractionCoolLoadServed>
              <AnnualCoolingEfficiency>
                <Units>EER</Units>
                <Value>12.0</Value>
              </AnnualCoolingEfficiency>
              <SensibleHeatFraction>0.65</SensibleHeatFraction>
              <extension>
                <CoolingAirflowCFM>193.0</CoolingAirflowCFM>
                <CrankcaseHeaterPowerWatts>0.0</CrankcaseHeaterPowerWatts>
                <CoolingAutosizingFactor>1.0</CoolingAutosizingFactor>
              </extension>
            </CoolingSystem>
            <extension>
              <DesignLoads dataSource='software'>
                <Heating>
                  <Total>115276.0</Total>
                  <Ducts>48831.0</Ducts>
                  <Windows>3763.0</Windows>
                  <Skylights>0.0</Skylights>
                  <Doors>162.0</Doors>
                  <Walls>20704.0</Walls>
                  <Roofs>0.0</Roofs>
                  <Floors>6676.0</Floors>
                  <Slabs>0.0</Slabs>
                  <Ceilings>2122.0</Ceilings>
                  <Infiltration>33017.0</Infiltration>
                  <Ventilation>0.0</Ventilation>
                  <Piping>0.0</Piping>
                </Heating>
                <CoolingSensible>
                  <Total>33545.0</Total>
                  <Ducts>0.0</Ducts>
                  <Windows>4009.0</Windows>
                  <Skylights>0.0</Skylights>
                  <Doors>94.0</Doors>
                  <Walls>15554.0</Walls>
                  <Roofs>0.0</Roofs>
                  <Floors>2050.0</Floors>
                  <Slabs>0.0</Slabs>
                  <Ceilings>1961.0</Ceilings>
                  <Infiltration>5358.0</Infiltration>
                  <Ventilation>0.0</Ventilation>
                  <InternalLoads>4520.0</InternalLoads>
                  <BlowerHeat>0.0</BlowerHeat>
                  <AEDExcursion>0.0</AEDExcursion>
                  <AEDCurve>4270, 5020, 5613, 6170, 6247, 6655, 6620, 6545, 6165, 6188, 5024, 2167</AEDCurve>
                </CoolingSensible>
                <CoolingLatent>
                  <Total>2078.0</Total>
                  <Ducts>0.0</Ducts>
                  <Infiltration>1278.0</Infiltration>
                  <Ventilation>0.0</Ventilation>
                  <InternalLoads>800.0</InternalLoads>
                </CoolingLatent>
              </DesignLoads>
            </extension>
          </HVACPlant>
          <HVACControl>
            <SystemIdentifier id='HVACControl1'/>
            <HeatingSeason>
              <BeginMonth>1</BeginMonth>
              <BeginDayOfMonth>1</BeginDayOfMonth>
              <EndMonth>12</EndMonth>
              <EndDayOfMonth>31</EndDayOfMonth>
            </HeatingSeason>
            <CoolingSeason>
              <BeginMonth>1</BeginMonth>
              <BeginDayOfMonth>1</BeginDayOfMonth>
              <EndMonth>12</EndMonth>
              <EndDayOfMonth>31</EndDayOfMonth>
            </CoolingSeason>
            <extension>
              <CeilingFanSetpointTempCoolingSeasonOffset>0.0</CeilingFanSetpointTempCoolingSeasonOffset>
              <WeekdaySetpointTempsHeatingSeason>68.0, 68.0, 68.0, 68.0, 68.0, 68.0, 68.0, 68.0, 68.0, 68.0, 68.0, 68.0, 68.0, 68.0, 68.0, 68.0, 68.0, 68.0, 68.0, 68.0, 68.0, 68.0, 68.0, 68.0</WeekdaySetpointTempsHeatingSeason>
              <WeekendSetpointTempsHeatingSeason>68.0, 68.0, 68.0, 68.0, 68.0, 68.0, 68.0, 68.0, 68.0, 68.0, 68.0, 68.0, 68.0, 68.0, 68.0, 68.0, 68.0, 68.0, 68.0, 68.0, 68.0, 68.0, 68.0, 68.0</WeekendSetpointTempsHeatingSeason>
              <WeekdaySetpointTempsCoolingSeason>58.0, 58.0, 58.0, 58.0, 58.0, 58.0, 58.0, 58.0, 60.0, 60.0, 60.0, 60.0, 60.0, 60.0, 60.0, 60.0, 60.0, 60.0, 60.0, 60.0, 60.0, 60.0, 60.0, 58.0</WeekdaySetpointTempsCoolingSeason>
              <WeekendSetpointTempsCoolingSeason>58.0, 58.0, 58.0, 58.0, 58.0, 58.0, 58.0, 58.0, 60.0, 60.0, 60.0, 60.0, 60.0, 60.0, 60.0, 60.0, 60.0, 60.0, 60.0, 60.0, 60.0, 60.0, 60.0, 58.0</WeekendSetpointTempsCoolingSeason>
            </extension>
          </HVACControl>
          <HVACDistribution>
            <SystemIdentifier id='HVACDistribution1'/>
            <DistributionSystemType>
              <AirDistribution>
                <AirDistributionType>regular velocity</AirDistributionType>
                <DuctLeakageMeasurement>
                  <DuctType>supply</DuctType>
                  <DuctLeakage>
                    <Units>Percent</Units>
                    <Value>0.2</Value>
                    <TotalOrToOutside>to outside</TotalOrToOutside>
                  </DuctLeakage>
                </DuctLeakageMeasurement>
                <DuctLeakageMeasurement>
                  <DuctType>return</DuctType>
                  <DuctLeakage>
                    <Units>Percent</Units>
                    <Value>0.1</Value>
                    <TotalOrToOutside>to outside</TotalOrToOutside>
                  </DuctLeakage>
                </DuctLeakageMeasurement>
                <Ducts>
                  <SystemIdentifier id='Ducts1'/>
                  <DuctType>supply</DuctType>
                  <DuctInsulationRValue>0.0</DuctInsulationRValue>
                  <DuctBuriedInsulationLevel>not buried</DuctBuriedInsulationLevel>
                  <DuctEffectiveRValue>1.7</DuctEffectiveRValue>
                  <DuctLocation>crawlspace - vented</DuctLocation>
                  <FractionDuctArea>0.75</FractionDuctArea>
                  <DuctSurfaceArea>670.2750000000001</DuctSurfaceArea>
                  <extension>
                    <DuctSurfaceAreaMultiplier>1.0</DuctSurfaceAreaMultiplier>
                    <DuctFractionRectangular>0.25</DuctFractionRectangular>
                  </extension>
                </Ducts>
                <Ducts>
                  <SystemIdentifier id='Ducts2'/>
                  <DuctType>return</DuctType>
                  <DuctInsulationRValue>0.0</DuctInsulationRValue>
                  <DuctBuriedInsulationLevel>not buried</DuctBuriedInsulationLevel>
                  <DuctEffectiveRValue>1.7</DuctEffectiveRValue>
                  <DuctLocation>crawlspace - vented</DuctLocation>
                  <FractionDuctArea>0.75</FractionDuctArea>
                  <DuctSurfaceArea>248.25</DuctSurfaceArea>
                  <extension>
                    <DuctSurfaceAreaMultiplier>1.0</DuctSurfaceAreaMultiplier>
                    <DuctFractionRectangular>1.0</DuctFractionRectangular>
                  </extension>
                </Ducts>
                <Ducts>
                  <SystemIdentifier id='Ducts3'/>
                  <DuctType>supply</DuctType>
                  <DuctInsulationRValue>0.0</DuctInsulationRValue>
                  <DuctBuriedInsulationLevel>not buried</DuctBuriedInsulationLevel>
                  <DuctEffectiveRValue>1.7</DuctEffectiveRValue>
                  <DuctLocation>conditioned space</DuctLocation>
                  <FractionDuctArea>0.25</FractionDuctArea>
                  <DuctSurfaceArea>223.425</DuctSurfaceArea>
                  <extension>
                    <DuctSurfaceAreaMultiplier>1.0</DuctSurfaceAreaMultiplier>
                    <DuctFractionRectangular>0.25</DuctFractionRectangular>
                  </extension>
                </Ducts>
                <Ducts>
                  <SystemIdentifier id='Ducts4'/>
                  <DuctType>return</DuctType>
                  <DuctInsulationRValue>0.0</DuctInsulationRValue>
                  <DuctBuriedInsulationLevel>not buried</DuctBuriedInsulationLevel>
                  <DuctEffectiveRValue>1.7</DuctEffectiveRValue>
                  <DuctLocation>conditioned space</DuctLocation>
                  <FractionDuctArea>0.25</FractionDuctArea>
                  <DuctSurfaceArea>82.75</DuctSurfaceArea>
                  <extension>
                    <DuctSurfaceAreaMultiplier>1.0</DuctSurfaceAreaMultiplier>
                    <DuctFractionRectangular>1.0</DuctFractionRectangular>
                  </extension>
                </Ducts>
                <NumberofReturnRegisters>2</NumberofReturnRegisters>
                <extension>
                  <ManualJInputs>
                    <BlowerFanHeatBtuh>0.0</BlowerFanHeatBtuh>
                  </ManualJInputs>
                </extension>
              </AirDistribution>
            </DistributionSystemType>
            <ConditionedFloorAreaServed>3310.0</ConditionedFloorAreaServed>
          </HVACDistribution>
        </HVAC>
        <MechanicalVentilation>
          <VentilationFans>
            <VentilationFan>
              <SystemIdentifier id='VentilationFan1'/>
              <Count>1</Count>
              <RatedFlowRate>100.0</RatedFlowRate>
              <HoursInOperation>1.0</HoursInOperation>
              <FanLocation>kitchen</FanLocation>
              <UsedForLocalVentilation>true</UsedForLocalVentilation>
              <FanPower>30.0</FanPower>
              <extension>
                <StartHour>18</StartHour>
              </extension>
            </VentilationFan>
            <VentilationFan>
              <SystemIdentifier id='VentilationFan2'/>
              <Count>2</Count>
              <RatedFlowRate>50.0</RatedFlowRate>
              <HoursInOperation>1.0</HoursInOperation>
              <FanLocation>bath</FanLocation>
              <UsedForLocalVentilation>true</UsedForLocalVentilation>
              <FanPower>15.0</FanPower>
              <extension>
                <StartHour>23</StartHour>
              </extension>
            </VentilationFan>
          </VentilationFans>
        </MechanicalVentilation>
        <WaterHeating>
          <WaterHeatingSystem>
            <SystemIdentifier id='WaterHeatingSystem1'/>
            <FuelType>natural gas</FuelType>
            <WaterHeaterType>storage water heater</WaterHeaterType>
            <Location>conditioned space</Location>
            <IsSharedSystem>false</IsSharedSystem>
            <TankVolume>40.0</TankVolume>
            <FractionDHWLoadServed>1.0</FractionDHWLoadServed>
            <HeatingCapacity>36000.0</HeatingCapacity>
            <EnergyFactor>0.59</EnergyFactor>
            <RecoveryEfficiency>0.76</RecoveryEfficiency>
            <HotWaterTemperature>125.0</HotWaterTemperature>
            <extension>
              <TankModelType>mixed</TankModelType>
            </extension>
          </WaterHeatingSystem>
          <HotWaterDistribution>
            <SystemIdentifier id='HotWaterDistribution1'/>
            <SystemType>
              <Standard>
                <PipingLength>101.36338242723197</PipingLength>
              </Standard>
            </SystemType>
            <PipeInsulation>
              <PipeRValue>0.0</PipeRValue>
            </PipeInsulation>
          </HotWaterDistribution>
          <WaterFixture>
            <SystemIdentifier id='WaterFixture1'/>
            <WaterFixtureType>shower head</WaterFixtureType>
            <LowFlow>false</LowFlow>
          </WaterFixture>
          <WaterFixture>
            <SystemIdentifier id='WaterFixture2'/>
            <WaterFixtureType>faucet</WaterFixtureType>
            <LowFlow>false</LowFlow>
          </WaterFixture>
          <extension>
            <WaterFixturesUsageMultiplier>1.0</WaterFixturesUsageMultiplier>
            <WaterFixturesWeekdayScheduleFractions>0.012, 0.006, 0.004, 0.005, 0.010, 0.034, 0.078, 0.086, 0.080, 0.067, 0.056, 0.047, 0.040, 0.035, 0.033, 0.031, 0.038, 0.051, 0.060, 0.060, 0.055, 0.048, 0.038, 0.026</WaterFixturesWeekdayScheduleFractions>
            <WaterFixturesWeekendScheduleFractions>0.012, 0.006, 0.004, 0.005, 0.010, 0.034, 0.078, 0.086, 0.080, 0.067, 0.056, 0.047, 0.040, 0.035, 0.033, 0.031, 0.038, 0.051, 0.060, 0.060, 0.055, 0.048, 0.038, 0.026</WaterFixturesWeekendScheduleFractions>
            <WaterFixturesMonthlyScheduleMultipliers>1.0, 1.0, 1.0, 1.0, 1.0, 1.0, 1.0, 1.0, 1.0, 1.0, 1.0, 1.0</WaterFixturesMonthlyScheduleMultipliers>
          </extension>
        </WaterHeating>
        <ElectricPanels>
          <ElectricPanel>
            <SystemIdentifier id='ElectricPanel1'/>
            <Voltage>240</Voltage>
            <MaxCurrentRating>200.0</MaxCurrentRating>
            <HeadroomSpaces>3</HeadroomSpaces>
            <BranchCircuits>
              <BranchCircuit>
                <SystemIdentifier id='BranchCircuit1'/>
                <Voltage>120</Voltage>
                <MaxCurrentRating>20.0</MaxCurrentRating>
                <OccupiedSpaces>1.0</OccupiedSpaces>
              </BranchCircuit>
              <BranchCircuit>
                <SystemIdentifier id='BranchCircuit2'/>
                <Voltage>120</Voltage>
                <MaxCurrentRating>20.0</MaxCurrentRating>
                <OccupiedSpaces>1.0</OccupiedSpaces>
                <AttachedToComponent idref='Dishwasher1'/>
              </BranchCircuit>
              <BranchCircuit>
                <SystemIdentifier id='BranchCircuit3'/>
                <Voltage>120</Voltage>
                <MaxCurrentRating>20.0</MaxCurrentRating>
                <OccupiedSpaces>1.0</OccupiedSpaces>
                <AttachedToComponent idref='VentilationFan1'/>
              </BranchCircuit>
              <BranchCircuit>
                <SystemIdentifier id='BranchCircuit4'/>
                <Voltage>120</Voltage>
                <MaxCurrentRating>20.0</MaxCurrentRating>
                <OccupiedSpaces>1.0</OccupiedSpaces>
                <AttachedToComponent idref='VentilationFan2'/>
              </BranchCircuit>
              <BranchCircuit>
                <SystemIdentifier id='BranchCircuit5'/>
                <Voltage>120</Voltage>
                <MaxCurrentRating>20.0</MaxCurrentRating>
                <OccupiedSpaces>1.0</OccupiedSpaces>
              </BranchCircuit>
              <BranchCircuit>
                <SystemIdentifier id='BranchCircuit6'/>
                <Voltage>120</Voltage>
                <MaxCurrentRating>20.0</MaxCurrentRating>
                <OccupiedSpaces>1.0</OccupiedSpaces>
              </BranchCircuit>
              <BranchCircuit>
                <SystemIdentifier id='BranchCircuit7'/>
                <Voltage>120</Voltage>
                <MaxCurrentRating>20.0</MaxCurrentRating>
                <OccupiedSpaces>1.0</OccupiedSpaces>
              </BranchCircuit>
              <BranchCircuit>
                <SystemIdentifier id='BranchCircuit8'/>
                <Voltage>120</Voltage>
                <MaxCurrentRating>20.0</MaxCurrentRating>
                <OccupiedSpaces>1.0</OccupiedSpaces>
              </BranchCircuit>
              <BranchCircuit>
                <SystemIdentifier id='BranchCircuit9'/>
                <Voltage>120</Voltage>
                <MaxCurrentRating>20.0</MaxCurrentRating>
                <OccupiedSpaces>1.0</OccupiedSpaces>
              </BranchCircuit>
              <BranchCircuit>
                <SystemIdentifier id='BranchCircuit10'/>
                <Voltage>120</Voltage>
                <MaxCurrentRating>20.0</MaxCurrentRating>
                <OccupiedSpaces>1.0</OccupiedSpaces>
                <AttachedToComponent idref='HeatingSystem1'/>
              </BranchCircuit>
              <BranchCircuit>
                <SystemIdentifier id='BranchCircuit11'/>
                <Voltage>120</Voltage>
                <MaxCurrentRating>20.0</MaxCurrentRating>
                <OccupiedSpaces>0.0</OccupiedSpaces>
                <AttachedToComponent idref='CoolingSystem1'/>
              </BranchCircuit>
              <BranchCircuit>
                <SystemIdentifier id='BranchCircuit12'/>
                <Voltage>120</Voltage>
                <MaxCurrentRating>20.0</MaxCurrentRating>
                <OccupiedSpaces>0.0</OccupiedSpaces>
                <AttachedToComponent idref='CoolingSystem1'/>
              </BranchCircuit>
            </BranchCircuits>
            <ServiceFeeders>
              <ServiceFeeder>
                <SystemIdentifier id='ServiceFeeder1'/>
                <LoadType>heating</LoadType>
                <PowerRating>788.6</PowerRating>
                <IsNewLoad>false</IsNewLoad>
                <AttachedToComponent idref='HeatingSystem1'/>
              </ServiceFeeder>
              <ServiceFeeder>
                <SystemIdentifier id='ServiceFeeder2'/>
                <LoadType>cooling</LoadType>
                <PowerRating>756.8</PowerRating>
                <IsNewLoad>false</IsNewLoad>
                <AttachedToComponent idref='CoolingSystem1'/>
              </ServiceFeeder>
              <ServiceFeeder>
                <SystemIdentifier id='ServiceFeeder3'/>
                <LoadType>dishwasher</LoadType>
                <PowerRating>1200.0</PowerRating>
                <IsNewLoad>false</IsNewLoad>
                <AttachedToComponent idref='Dishwasher1'/>
              </ServiceFeeder>
              <ServiceFeeder>
                <SystemIdentifier id='ServiceFeeder4'/>
                <LoadType>mech vent</LoadType>
                <PowerRating>30.0</PowerRating>
                <IsNewLoad>false</IsNewLoad>
                <AttachedToComponent idref='VentilationFan1'/>
              </ServiceFeeder>
              <ServiceFeeder>
                <SystemIdentifier id='ServiceFeeder5'/>
                <LoadType>mech vent</LoadType>
                <PowerRating>30.0</PowerRating>
                <IsNewLoad>false</IsNewLoad>
                <AttachedToComponent idref='VentilationFan2'/>
              </ServiceFeeder>
              <ServiceFeeder>
                <SystemIdentifier id='ServiceFeeder6'/>
                <LoadType>other</LoadType>
                <PowerRating>1100.0</PowerRating>
                <IsNewLoad>false</IsNewLoad>
              </ServiceFeeder>
              <ServiceFeeder>
                <SystemIdentifier id='ServiceFeeder7'/>
                <LoadType>lighting</LoadType>
                <PowerRating>9930.0</PowerRating>
                <IsNewLoad>false</IsNewLoad>
              </ServiceFeeder>
              <ServiceFeeder>
                <SystemIdentifier id='ServiceFeeder8'/>
                <LoadType>kitchen</LoadType>
                <PowerRating>3000.0</PowerRating>
                <IsNewLoad>false</IsNewLoad>
              </ServiceFeeder>
              <ServiceFeeder>
                <SystemIdentifier id='ServiceFeeder9'/>
                <LoadType>laundry</LoadType>
                <PowerRating>1500.0</PowerRating>
                <IsNewLoad>false</IsNewLoad>
              </ServiceFeeder>
            </ServiceFeeders>
            <extension>
              <Outputs dataSource='software'>
                <Capacity>
                  <Type>2023 Existing Dwelling Load-Based</Type>
                  <TotalWatts>11831.4</TotalWatts>
                  <TotalAmps>49.3</TotalAmps>
                  <HeadroomAmps>150.7</HeadroomAmps>
                </Capacity>
                <BreakerSpaces>
                  <Total>13</Total>
                  <Occupied>10</Occupied>
                  <Headroom>3</Headroom>
                </BreakerSpaces>
              </Outputs>
            </extension>
          </ElectricPanel>
        </ElectricPanels>
      </Systems>
      <Appliances>
        <ClothesWasher>
          <SystemIdentifier id='ClothesWasher1'/>
          <IsSharedAppliance>false</IsSharedAppliance>
          <Location>conditioned space</Location>
          <IntegratedModifiedEnergyFactor>0.95</IntegratedModifiedEnergyFactor>
          <RatedAnnualkWh>387.0</RatedAnnualkWh>
          <LabelElectricRate>0.1065</LabelElectricRate>
          <LabelGasRate>1.218</LabelGasRate>
          <LabelAnnualGasCost>24.0</LabelAnnualGasCost>
          <LabelUsage>7.538462</LabelUsage>
          <Capacity>3.5</Capacity>
          <extension>
            <UsageMultiplier>1.0</UsageMultiplier>
            <WeekdayScheduleFractions>0.009, 0.007, 0.004, 0.004, 0.007, 0.011, 0.022, 0.049, 0.073, 0.086, 0.084, 0.075, 0.067, 0.060, 0.049, 0.051, 0.050, 0.049, 0.049, 0.049, 0.049, 0.047, 0.032, 0.017</WeekdayScheduleFractions>
            <WeekendScheduleFractions>0.009, 0.007, 0.004, 0.004, 0.007, 0.011, 0.022, 0.049, 0.073, 0.086, 0.084, 0.075, 0.067, 0.060, 0.049, 0.051, 0.050, 0.049, 0.049, 0.049, 0.049, 0.047, 0.032, 0.017</WeekendScheduleFractions>
            <MonthlyScheduleMultipliers>1.0, 1.0, 1.0, 1.0, 1.0, 1.0, 1.0, 1.0, 1.0, 1.0, 1.0, 1.0</MonthlyScheduleMultipliers>
          </extension>
        </ClothesWasher>
        <ClothesDryer>
          <SystemIdentifier id='ClothesDryer1'/>
          <IsSharedAppliance>false</IsSharedAppliance>
          <Location>conditioned space</Location>
          <FuelType>natural gas</FuelType>
          <CombinedEnergyFactor>2.39</CombinedEnergyFactor>
          <Vented>true</Vented>
          <VentedFlowRate>100.0</VentedFlowRate>
          <extension>
            <UsageMultiplier>1.0</UsageMultiplier>
            <WeekdayScheduleFractions>0.010, 0.006, 0.004, 0.002, 0.004, 0.006, 0.016, 0.032, 0.048, 0.068, 0.078, 0.081, 0.074, 0.067, 0.058, 0.061, 0.055, 0.054, 0.051, 0.051, 0.052, 0.054, 0.044, 0.024</WeekdayScheduleFractions>
            <WeekendScheduleFractions>0.010, 0.006, 0.004, 0.002, 0.004, 0.006, 0.016, 0.032, 0.048, 0.068, 0.078, 0.081, 0.074, 0.067, 0.058, 0.061, 0.055, 0.054, 0.051, 0.051, 0.052, 0.054, 0.044, 0.024</WeekendScheduleFractions>
            <MonthlyScheduleMultipliers>1.0, 1.0, 1.0, 1.0, 1.0, 1.0, 1.0, 1.0, 1.0, 1.0, 1.0, 1.0</MonthlyScheduleMultipliers>
          </extension>
        </ClothesDryer>
        <Dishwasher>
          <SystemIdentifier id='Dishwasher1'/>
          <IsSharedAppliance>false</IsSharedAppliance>
          <Location>conditioned space</Location>
          <RatedAnnualkWh>290.0</RatedAnnualkWh>
          <PlaceSettingCapacity>12</PlaceSettingCapacity>
          <LabelElectricRate>0.12</LabelElectricRate>
          <LabelGasRate>1.09</LabelGasRate>
          <LabelAnnualGasCost>23.0</LabelAnnualGasCost>
          <LabelUsage>4.0</LabelUsage>
          <extension>
            <UsageMultiplier>1.0</UsageMultiplier>
            <WeekdayScheduleFractions>0.015, 0.007, 0.005, 0.003, 0.003, 0.010, 0.020, 0.031, 0.058, 0.065, 0.056, 0.048, 0.042, 0.046, 0.036, 0.038, 0.038, 0.049, 0.087, 0.111, 0.090, 0.067, 0.044, 0.031</WeekdayScheduleFractions>
            <WeekendScheduleFractions>0.015, 0.007, 0.005, 0.003, 0.003, 0.010, 0.020, 0.031, 0.058, 0.065, 0.056, 0.048, 0.042, 0.046, 0.036, 0.038, 0.038, 0.049, 0.087, 0.111, 0.090, 0.067, 0.044, 0.031</WeekendScheduleFractions>
            <MonthlyScheduleMultipliers>1.0, 1.0, 1.0, 1.0, 1.0, 1.0, 1.0, 1.0, 1.0, 1.0, 1.0, 1.0</MonthlyScheduleMultipliers>
          </extension>
        </Dishwasher>
        <Refrigerator>
          <SystemIdentifier id='Refrigerator1'/>
          <Location>conditioned space</Location>
          <RatedAnnualkWh>383.0</RatedAnnualkWh>
          <PrimaryIndicator>true</PrimaryIndicator>
          <extension>
            <UsageMultiplier>1.0</UsageMultiplier>
            <ConstantScheduleCoefficients>-0.487, -0.340, -0.370, -0.361, -0.515, -0.684, -0.471, -0.159, -0.079, -0.417, -0.411, -0.386, -0.240, -0.314, -0.160, -0.121, -0.469, -0.412, -0.091, 0.077, -0.118, -0.247, -0.445, -0.544</ConstantScheduleCoefficients>
            <TemperatureScheduleCoefficients>0.019, 0.016, 0.017, 0.016, 0.018, 0.021, 0.019, 0.015, 0.015, 0.019, 0.018, 0.018, 0.016, 0.017, 0.015, 0.015, 0.020, 0.020, 0.017, 0.014, 0.016, 0.017, 0.019, 0.020</TemperatureScheduleCoefficients>
          </extension>
        </Refrigerator>
        <Refrigerator>
          <SystemIdentifier id='Refrigerator2'/>
          <Location>conditioned space</Location>
          <RatedAnnualkWh>383.0</RatedAnnualkWh>
          <PrimaryIndicator>false</PrimaryIndicator>
          <extension>
            <UsageMultiplier>1.84</UsageMultiplier>
            <ConstantScheduleCoefficients>-0.487, -0.340, -0.370, -0.361, -0.515, -0.684, -0.471, -0.159, -0.079, -0.417, -0.411, -0.386, -0.240, -0.314, -0.160, -0.121, -0.469, -0.412, -0.091, -0.077, -0.118, -0.247, -0.445, -0.544</ConstantScheduleCoefficients>
            <TemperatureScheduleCoefficients>0.019, 0.016, 0.017, 0.016, 0.018, 0.021, 0.019, 0.015, 0.015, 0.019, 0.018, 0.018, 0.016, 0.017, 0.015, 0.015, 0.020, 0.020, 0.017, 0.014, 0.016, 0.017, 0.019, 0.020</TemperatureScheduleCoefficients>
          </extension>
        </Refrigerator>
        <Freezer>
          <SystemIdentifier id='Freezer1'/>
          <Location>conditioned space</Location>
          <RatedAnnualkWh>935.0</RatedAnnualkWh>
          <extension>
            <UsageMultiplier>1.39</UsageMultiplier>
            <WeekdayScheduleFractions>0.040, 0.039, 0.038, 0.037, 0.036, 0.036, 0.038, 0.040, 0.041, 0.041, 0.040, 0.040, 0.042, 0.042, 0.042, 0.041, 0.044, 0.048, 0.050, 0.048, 0.047, 0.046, 0.044, 0.041</WeekdayScheduleFractions>
            <WeekendScheduleFractions>0.040, 0.039, 0.038, 0.037, 0.036, 0.036, 0.038, 0.040, 0.041, 0.041, 0.040, 0.040, 0.042, 0.042, 0.042, 0.041, 0.044, 0.048, 0.050, 0.048, 0.047, 0.046, 0.044, 0.041</WeekendScheduleFractions>
            <MonthlyScheduleMultipliers>0.837, 0.835, 1.084, 1.084, 1.084, 1.096, 1.096, 1.096, 1.096, 0.931, 0.925, 0.837</MonthlyScheduleMultipliers>
          </extension>
        </Freezer>
        <CookingRange>
          <SystemIdentifier id='CookingRange1'/>
          <Location>conditioned space</Location>
          <FuelType>natural gas</FuelType>
          <IsInduction>false</IsInduction>
          <extension>
            <UsageMultiplier>1.0</UsageMultiplier>
            <WeekdayScheduleFractions>0.008, 0.008, 0.008, 0.008, 0.008, 0.015, 0.023, 0.039, 0.046, 0.046, 0.046, 0.054, 0.062, 0.046, 0.039, 0.054, 0.076, 0.134, 0.114, 0.058, 0.039, 0.031, 0.023, 0.015</WeekdayScheduleFractions>
            <WeekendScheduleFractions>0.008, 0.008, 0.008, 0.008, 0.008, 0.015, 0.023, 0.039, 0.046, 0.046, 0.046, 0.054, 0.062, 0.046, 0.039, 0.054, 0.076, 0.134, 0.114, 0.058, 0.039, 0.031, 0.023, 0.015</WeekendScheduleFractions>
            <MonthlyScheduleMultipliers>1.0, 1.0, 1.0, 1.0, 1.0, 1.0, 1.0, 1.0, 1.0, 1.0, 1.0, 1.0</MonthlyScheduleMultipliers>
          </extension>
        </CookingRange>
        <Oven>
          <SystemIdentifier id='Oven1'/>
          <IsConvection>false</IsConvection>
        </Oven>
      </Appliances>
      <Lighting>
        <LightingGroup>
          <SystemIdentifier id='LightingGroup1'/>
          <Location>interior</Location>
          <FractionofUnitsInLocation>0.0</FractionofUnitsInLocation>
          <LightingType>
            <CompactFluorescent/>
          </LightingType>
        </LightingGroup>
        <LightingGroup>
          <SystemIdentifier id='LightingGroup2'/>
          <Location>interior</Location>
          <FractionofUnitsInLocation>0.0</FractionofUnitsInLocation>
          <LightingType>
            <FluorescentTube/>
          </LightingType>
        </LightingGroup>
        <LightingGroup>
          <SystemIdentifier id='LightingGroup3'/>
          <Location>interior</Location>
          <FractionofUnitsInLocation>1.0</FractionofUnitsInLocation>
          <LightingType>
            <LightEmittingDiode/>
          </LightingType>
        </LightingGroup>
        <LightingGroup>
          <SystemIdentifier id='LightingGroup4'/>
          <Location>exterior</Location>
          <FractionofUnitsInLocation>0.0</FractionofUnitsInLocation>
          <LightingType>
            <CompactFluorescent/>
          </LightingType>
        </LightingGroup>
        <LightingGroup>
          <SystemIdentifier id='LightingGroup5'/>
          <Location>exterior</Location>
          <FractionofUnitsInLocation>0.0</FractionofUnitsInLocation>
          <LightingType>
            <FluorescentTube/>
          </LightingType>
        </LightingGroup>
        <LightingGroup>
          <SystemIdentifier id='LightingGroup6'/>
          <Location>exterior</Location>
          <FractionofUnitsInLocation>1.0</FractionofUnitsInLocation>
          <LightingType>
            <LightEmittingDiode/>
          </LightingType>
        </LightingGroup>
        <CeilingFan>
          <SystemIdentifier id='CeilingFan1'/>
          <Airflow>
            <FanSpeed>medium</FanSpeed>
            <Efficiency>70.4</Efficiency>
          </Airflow>
          <Count>1</Count>
          <extension>
            <WeekdayScheduleFractions>0.057, 0.057, 0.057, 0.057, 0.057, 0.057, 0.057, 0.024, 0.024, 0.024, 0.024, 0.024, 0.024, 0.024, 0.024, 0.024, 0.024, 0.024, 0.052, 0.057, 0.057, 0.057, 0.057, 0.057</WeekdayScheduleFractions>
            <WeekendScheduleFractions>0.057, 0.057, 0.057, 0.057, 0.057, 0.057, 0.057, 0.024, 0.024, 0.024, 0.024, 0.024, 0.024, 0.024, 0.024, 0.024, 0.024, 0.024, 0.052, 0.057, 0.057, 0.057, 0.057, 0.057</WeekendScheduleFractions>
            <MonthlyScheduleMultipliers>0, 0, 0, 0, 0, 1, 1, 1, 1, 0, 0, 0</MonthlyScheduleMultipliers>
          </extension>
        </CeilingFan>
        <extension>
          <InteriorUsageMultiplier>1.0</InteriorUsageMultiplier>
          <GarageUsageMultiplier>1.0</GarageUsageMultiplier>
          <ExteriorUsageMultiplier>1.0</ExteriorUsageMultiplier>
          <InteriorWeekdayScheduleFractions>0.012, 0.010, 0.010, 0.010, 0.011, 0.018, 0.030, 0.038, 0.041, 0.041, 0.039, 0.037, 0.036, 0.035, 0.037, 0.041, 0.050, 0.065, 0.086, 0.106, 0.110, 0.079, 0.040, 0.018</InteriorWeekdayScheduleFractions>
          <InteriorWeekendScheduleFractions>0.012, 0.010, 0.010, 0.010, 0.011, 0.018, 0.030, 0.038, 0.041, 0.041, 0.039, 0.037, 0.036, 0.035, 0.037, 0.041, 0.050, 0.065, 0.086, 0.106, 0.110, 0.079, 0.040, 0.018</InteriorWeekendScheduleFractions>
          <InteriorMonthlyScheduleMultipliers>1.19, 1.11, 1.02, 0.93, 0.84, 0.80, 0.82, 0.88, 0.98, 1.07, 1.16, 1.20</InteriorMonthlyScheduleMultipliers>
          <ExteriorWeekdayScheduleFractions>0.040, 0.037, 0.037, 0.035, 0.035, 0.039, 0.044, 0.041, 0.031, 0.025, 0.024, 0.024, 0.025, 0.028, 0.030, 0.035, 0.044, 0.056, 0.064, 0.068, 0.070, 0.065, 0.056, 0.047</ExteriorWeekdayScheduleFractions>
          <ExteriorWeekendScheduleFractions>0.040, 0.037, 0.037, 0.035, 0.035, 0.039, 0.044, 0.041, 0.031, 0.025, 0.024, 0.024, 0.025, 0.028, 0.030, 0.035, 0.044, 0.056, 0.064, 0.068, 0.070, 0.065, 0.056, 0.047</ExteriorWeekendScheduleFractions>
          <ExteriorMonthlyScheduleMultipliers>1.19, 1.11, 1.02, 0.93, 0.84, 0.80, 0.82, 0.88, 0.98, 1.07, 1.16, 1.20</ExteriorMonthlyScheduleMultipliers>
        </extension>
      </Lighting>
      <MiscLoads>
        <PlugLoad>
          <SystemIdentifier id='PlugLoad1'/>
          <PlugLoadType>TV other</PlugLoadType>
          <Load>
            <Units>kWh/year</Units>
            <Value>901.4</Value>
          </Load>
          <extension>
            <FracSensible>1.0</FracSensible>
            <FracLatent>0.0</FracLatent>
            <UsageMultiplier>0.94</UsageMultiplier>
            <WeekdayScheduleFractions>0.014, 0.007, 0.004, 0.003, 0.004, 0.006, 0.010, 0.015, 0.020, 0.025, 0.028, 0.031, 0.033, 0.038, 0.042, 0.046, 0.054, 0.062, 0.080, 0.110, 0.132, 0.125, 0.077, 0.034</WeekdayScheduleFractions>
            <WeekendScheduleFractions>0.014, 0.007, 0.004, 0.003, 0.004, 0.006, 0.010, 0.015, 0.020, 0.025, 0.028, 0.031, 0.033, 0.038, 0.042, 0.046, 0.054, 0.062, 0.080, 0.110, 0.132, 0.125, 0.077, 0.034</WeekendScheduleFractions>
            <MonthlyScheduleMultipliers>1.0, 1.0, 1.0, 1.0, 1.0, 1.0, 1.0, 1.0, 1.0, 1.0, 1.0, 1.0</MonthlyScheduleMultipliers>
          </extension>
        </PlugLoad>
        <PlugLoad>
          <SystemIdentifier id='PlugLoad2'/>
          <PlugLoadType>other</PlugLoadType>
          <Load>
            <Units>kWh/year</Units>
            <Value>2846.3999999999996</Value>
          </Load>
          <extension>
            <FracSensible>0.93</FracSensible>
            <FracLatent>0.021</FracLatent>
            <UsageMultiplier>0.94</UsageMultiplier>
            <WeekdayScheduleFractions>0.036, 0.036, 0.036, 0.036, 0.036, 0.036, 0.038, 0.041, 0.042, 0.042, 0.042, 0.042, 0.042, 0.042, 0.042, 0.044, 0.047, 0.050, 0.051, 0.050, 0.048, 0.044, 0.040, 0.037</WeekdayScheduleFractions>
            <WeekendScheduleFractions>0.036, 0.036, 0.036, 0.036, 0.036, 0.036, 0.038, 0.041, 0.042, 0.042, 0.042, 0.042, 0.042, 0.042, 0.042, 0.044, 0.047, 0.050, 0.051, 0.050, 0.048, 0.044, 0.040, 0.037</WeekendScheduleFractions>
            <MonthlyScheduleMultipliers>1.0, 1.0, 1.0, 1.0, 1.0, 1.0, 1.0, 1.0, 1.0, 1.0, 1.0, 1.0</MonthlyScheduleMultipliers>
          </extension>
        </PlugLoad>
      </MiscLoads>
    </BuildingDetails>
  </Building>
</HPXML>